"label","size","variant","check","data_rows","grid_rows","n_model_tasks","peak_rss_mb","elapsed_s","result_class","status","hubvalidations","hubutils","hubdata","sysname","machine","r_version"
"ak/benchmark-baseline/323@9d04eef","M","acefa","baseline_load_only_chr",460000,237510,1,275,0,"none","ok","ak/benchmark-baseline/323@9d04eef","1.2.1.9000","2.2.2.9000","Darwin","arm64","4.5.2"
"ak/benchmark-baseline/323@9d04eef","M","acefa","baseline_load_only_typed",460000,237510,1,246,0,"none","ok","ak/benchmark-baseline/323@9d04eef","1.2.1.9000","2.2.2.9000","Darwin","arm64","4.5.2"
"ak/benchmark-baseline/323@9d04eef","M","acefa","prepare_compound_taskid_set",460000,237510,1,600,0.76,"list","ok","ak/benchmark-baseline/323@9d04eef","1.2.1.9000","2.2.2.9000","Darwin","arm64","4.5.2"
"ak/benchmark-baseline/323@9d04eef","M","acefa","match_tbl_to_model_task",460000,237510,1,432,0.54,"list","ok","ak/benchmark-baseline/323@9d04eef","1.2.1.9000","2.2.2.9000","Darwin","arm64","4.5.2"
"ak/benchmark-baseline/323@9d04eef","M","acefa","check_tbl_values",460000,237510,1,479,0.82,"check_success","ok","ak/benchmark-baseline/323@9d04eef","1.2.1.9000","2.2.2.9000","Darwin","arm64","4.5.2"
"ak/benchmark-baseline/323@9d04eef","M","acefa","check_tbl_values_required",460000,237510,1,1149,15.85,"check_success","ok","ak/benchmark-baseline/323@9d04eef","1.2.1.9000","2.2.2.9000","Darwin","arm64","4.5.2"
"ak/benchmark-baseline/323@9d04eef","M","acefa","check_tbl_value_col",460000,237510,1,434,0.73,"check_success","ok","ak/benchmark-baseline/323@9d04eef","1.2.1.9000","2.2.2.9000","Darwin","arm64","4.5.2"
"ak/benchmark-baseline/323@9d04eef","M","acefa","check_tbl_value_col_ascending",460000,237510,1,276,0.09,"check_info","ok","ak/benchmark-baseline/323@9d04eef","1.2.1.9000","2.2.2.9000","Darwin","arm64","4.5.2"
"ak/benchmark-baseline/323@9d04eef","M","acefa","check_tbl_rows_unique",460000,237510,1,753,1.45,"check_success","ok","ak/benchmark-baseline/323@9d04eef","1.2.1.9000","2.2.2.9000","Darwin","arm64","4.5.2"
"ak/benchmark-baseline/323@9d04eef","M","acefa","check_tbl_spl_mt_unique",460000,237510,1,351,0.29,"check_success","ok","ak/benchmark-baseline/323@9d04eef","1.2.1.9000","2.2.2.9000","Darwin","arm64","4.5.2"
"ak/benchmark-baseline/323@9d04eef","M","acefa","check_tbl_spl_compound_taskid_set",460000,237510,1,508,0.78,"check_success","ok","ak/benchmark-baseline/323@9d04eef","1.2.1.9000","2.2.2.9000","Darwin","arm64","4.5.2"
"ak/benchmark-baseline/323@9d04eef","M","acefa","check_tbl_spl_compound_tid",460000,237510,1,570,2,"check_success","ok","ak/benchmark-baseline/323@9d04eef","1.2.1.9000","2.2.2.9000","Darwin","arm64","4.5.2"
"ak/benchmark-baseline/323@9d04eef","M","acefa","check_tbl_spl_non_compound_tid",460000,237510,1,652,1.99,"check_success","ok","ak/benchmark-baseline/323@9d04eef","1.2.1.9000","2.2.2.9000","Darwin","arm64","4.5.2"
"ak/benchmark-baseline/323@9d04eef","M","acefa","check_tbl_spl_n",460000,237510,1,599,2.02,"check_success","ok","ak/benchmark-baseline/323@9d04eef","1.2.1.9000","2.2.2.9000","Darwin","arm64","4.5.2"
"ak/benchmark-baseline/323@9d04eef","M","mt3","baseline_load_only_chr",460000,237510,3,259,0,"none","ok","ak/benchmark-baseline/323@9d04eef","1.2.1.9000","2.2.2.9000","Darwin","arm64","4.5.2"
"ak/benchmark-baseline/323@9d04eef","M","mt3","baseline_load_only_typed",460000,237510,3,245,0,"none","ok","ak/benchmark-baseline/323@9d04eef","1.2.1.9000","2.2.2.9000","Darwin","arm64","4.5.2"
"ak/benchmark-baseline/323@9d04eef","M","mt3","prepare_compound_taskid_set",460000,237510,3,579,1.22,"list","ok","ak/benchmark-baseline/323@9d04eef","1.2.1.9000","2.2.2.9000","Darwin","arm64","4.5.2"
"ak/benchmark-baseline/323@9d04eef","M","mt3","match_tbl_to_model_task",460000,237510,3,499,0.71,"list","ok","ak/benchmark-baseline/323@9d04eef","1.2.1.9000","2.2.2.9000","Darwin","arm64","4.5.2"
"ak/benchmark-baseline/323@9d04eef","M","mt3","check_tbl_values",460000,237510,3,470,0.85,"check_success","ok","ak/benchmark-baseline/323@9d04eef","1.2.1.9000","2.2.2.9000","Darwin","arm64","4.5.2"
"ak/benchmark-baseline/323@9d04eef","M","mt3","check_tbl_values_required",460000,237510,3,686,7.59,"check_success","ok","ak/benchmark-baseline/323@9d04eef","1.2.1.9000","2.2.2.9000","Darwin","arm64","4.5.2"
"ak/benchmark-baseline/323@9d04eef","M","mt3","check_tbl_value_col",460000,237510,3,511,0.93,"check_success","ok","ak/benchmark-baseline/323@9d04eef","1.2.1.9000","2.2.2.9000","Darwin","arm64","4.5.2"
"ak/benchmark-baseline/323@9d04eef","M","mt3","check_tbl_value_col_ascending",460000,237510,3,273,0.09,"check_info","ok","ak/benchmark-baseline/323@9d04eef","1.2.1.9000","2.2.2.9000","Darwin","arm64","4.5.2"
"ak/benchmark-baseline/323@9d04eef","M","mt3","check_tbl_rows_unique",460000,237510,3,747,1.49,"check_success","ok","ak/benchmark-baseline/323@9d04eef","1.2.1.9000","2.2.2.9000","Darwin","arm64","4.5.2"
"ak/benchmark-baseline/323@9d04eef","M","mt3","check_tbl_spl_mt_unique",460000,237510,3,467,0.73,"check_success","ok","ak/benchmark-baseline/323@9d04eef","1.2.1.9000","2.2.2.9000","Darwin","arm64","4.5.2"
"ak/benchmark-baseline/323@9d04eef","M","mt3","check_tbl_spl_compound_taskid_set",460000,237510,3,594,1.23,"check_success","ok","ak/benchmark-baseline/323@9d04eef","1.2.1.9000","2.2.2.9000","Darwin","arm64","4.5.2"
"ak/benchmark-baseline/323@9d04eef","M","mt3","check_tbl_spl_compound_tid",460000,237510,3,598,4.17,"check_success","ok","ak/benchmark-baseline/323@9d04eef","1.2.1.9000","2.2.2.9000","Darwin","arm64","4.5.2"
"ak/benchmark-baseline/323@9d04eef","M","mt3","check_tbl_spl_non_compound_tid",460000,237510,3,609,4.24,"check_success","ok","ak/benchmark-baseline/323@9d04eef","1.2.1.9000","2.2.2.9000","Darwin","arm64","4.5.2"
"ak/benchmark-baseline/323@9d04eef","M","mt3","check_tbl_spl_n",460000,237510,3,656,4.33,"check_success","ok","ak/benchmark-baseline/323@9d04eef","1.2.1.9000","2.2.2.9000","Darwin","arm64","4.5.2"
"ak/benchmark-baseline/323@9d04eef","M","mt7","baseline_load_only_chr",460000,237510,7,272,0,"none","ok","ak/benchmark-baseline/323@9d04eef","1.2.1.9000","2.2.2.9000","Darwin","arm64","4.5.2"
"ak/benchmark-baseline/323@9d04eef","M","mt7","baseline_load_only_typed",460000,237510,7,249,0,"none","ok","ak/benchmark-baseline/323@9d04eef","1.2.1.9000","2.2.2.9000","Darwin","arm64","4.5.2"
"ak/benchmark-baseline/323@9d04eef","M","mt7","prepare_compound_taskid_set",460000,237510,7,663,1.75,"list","ok","ak/benchmark-baseline/323@9d04eef","1.2.1.9000","2.2.2.9000","Darwin","arm64","4.5.2"
"ak/benchmark-baseline/323@9d04eef","M","mt7","match_tbl_to_model_task",460000,237510,7,580,1.07,"list","ok","ak/benchmark-baseline/323@9d04eef","1.2.1.9000","2.2.2.9000","Darwin","arm64","4.5.2"
"ak/benchmark-baseline/323@9d04eef","M","mt7","check_tbl_values",460000,237510,7,539,0.91,"check_success","ok","ak/benchmark-baseline/323@9d04eef","1.2.1.9000","2.2.2.9000","Darwin","arm64","4.5.2"
"ak/benchmark-baseline/323@9d04eef","M","mt7","check_tbl_values_required",460000,237510,7,826,6.2,"check_success","ok","ak/benchmark-baseline/323@9d04eef","1.2.1.9000","2.2.2.9000","Darwin","arm64","4.5.2"
"ak/benchmark-baseline/323@9d04eef","M","mt7","check_tbl_value_col",460000,237510,7,622,1.2,"check_success","ok","ak/benchmark-baseline/323@9d04eef","1.2.1.9000","2.2.2.9000","Darwin","arm64","4.5.2"
"ak/benchmark-baseline/323@9d04eef","M","mt7","check_tbl_value_col_ascending",460000,237510,7,276,0.09,"check_info","ok","ak/benchmark-baseline/323@9d04eef","1.2.1.9000","2.2.2.9000","Darwin","arm64","4.5.2"
"ak/benchmark-baseline/323@9d04eef","M","mt7","check_tbl_rows_unique",460000,237510,7,753,1.46,"check_success","ok","ak/benchmark-baseline/323@9d04eef","1.2.1.9000","2.2.2.9000","Darwin","arm64","4.5.2"
"ak/benchmark-baseline/323@9d04eef","M","mt7","check_tbl_spl_mt_unique",460000,237510,7,469,0.95,"check_success","ok","ak/benchmark-baseline/323@9d04eef","1.2.1.9000","2.2.2.9000","Darwin","arm64","4.5.2"
"ak/benchmark-baseline/323@9d04eef","M","mt7","check_tbl_spl_compound_taskid_set",460000,237510,7,676,1.79,"check_success","ok","ak/benchmark-baseline/323@9d04eef","1.2.1.9000","2.2.2.9000","Darwin","arm64","4.5.2"
"ak/benchmark-baseline/323@9d04eef","M","mt7","check_tbl_spl_compound_tid",460000,237510,7,737,6.55,"check_success","ok","ak/benchmark-baseline/323@9d04eef","1.2.1.9000","2.2.2.9000","Darwin","arm64","4.5.2"
"ak/benchmark-baseline/323@9d04eef","M","mt7","check_tbl_spl_non_compound_tid",460000,237510,7,663,6.61,"check_success","ok","ak/benchmark-baseline/323@9d04eef","1.2.1.9000","2.2.2.9000","Darwin","arm64","4.5.2"
"ak/benchmark-baseline/323@9d04eef","M","mt7","check_tbl_spl_n",460000,237510,7,691,6.61,"check_success","ok","ak/benchmark-baseline/323@9d04eef","1.2.1.9000","2.2.2.9000","Darwin","arm64","4.5.2"
"ak/benchmark-baseline/323@9d04eef","G1","acefa","baseline_load_only_chr",65000,11661750,1,192,0,"none","ok","ak/benchmark-baseline/323@9d04eef","1.2.1.9000","2.2.2.9000","Darwin","arm64","4.5.2"
"ak/benchmark-baseline/323@9d04eef","G1","acefa","baseline_load_only_typed",65000,11661750,1,179,0,"none","ok","ak/benchmark-baseline/323@9d04eef","1.2.1.9000","2.2.2.9000","Darwin","arm64","4.5.2"
"ak/benchmark-baseline/323@9d04eef","G1","acefa","prepare_compound_taskid_set",65000,11661750,1,3405,8.34,"list","ok","ak/benchmark-baseline/323@9d04eef","1.2.1.9000","2.2.2.9000","Darwin","arm64","4.5.2"
"ak/benchmark-baseline/323@9d04eef","G1","acefa","match_tbl_to_model_task",65000,11661750,1,3568,8.59,"list","ok","ak/benchmark-baseline/323@9d04eef","1.2.1.9000","2.2.2.9000","Darwin","arm64","4.5.2"
"ak/benchmark-baseline/323@9d04eef","G1","acefa","check_tbl_values",65000,11661750,1,4021,10.03,"check_success","ok","ak/benchmark-baseline/323@9d04eef","1.2.1.9000","2.2.2.9000","Darwin","arm64","4.5.2"
"ak/benchmark-baseline/323@9d04eef","G1","acefa","check_tbl_values_required",65000,11661750,1,3885,435.63,"check_success","ok","ak/benchmark-baseline/323@9d04eef","1.2.1.9000","2.2.2.9000","Darwin","arm64","4.5.2"
"ak/benchmark-baseline/323@9d04eef","G1","acefa","check_tbl_value_col",65000,11661750,1,3579,8.71,"check_success","ok","ak/benchmark-baseline/323@9d04eef","1.2.1.9000","2.2.2.9000","Darwin","arm64","4.5.2"
"ak/benchmark-baseline/323@9d04eef","G1","acefa","check_tbl_value_col_ascending",65000,11661750,1,195,0.03,"check_info","ok","ak/benchmark-baseline/323@9d04eef","1.2.1.9000","2.2.2.9000","Darwin","arm64","4.5.2"
"ak/benchmark-baseline/323@9d04eef","G1","acefa","check_tbl_rows_unique",65000,11661750,1,284,0.17,"check_success","ok","ak/benchmark-baseline/323@9d04eef","1.2.1.9000","2.2.2.9000","Darwin","arm64","4.5.2"
"ak/benchmark-baseline/323@9d04eef","G1","acefa","check_tbl_spl_mt_unique",65000,11661750,1,2545,4.46,"check_success","ok","ak/benchmark-baseline/323@9d04eef","1.2.1.9000","2.2.2.9000","Darwin","arm64","4.5.2"
"ak/benchmark-baseline/323@9d04eef","G1","acefa","check_tbl_spl_compound_taskid_set",65000,11661750,1,3409,8.39,"check_success","ok","ak/benchmark-baseline/323@9d04eef","1.2.1.9000","2.2.2.9000","Darwin","arm64","4.5.2"
"ak/benchmark-baseline/323@9d04eef","G1","acefa","check_tbl_spl_compound_tid",65000,11661750,1,7097,20.44,"check_success","ok","ak/benchmark-baseline/323@9d04eef","1.2.1.9000","2.2.2.9000","Darwin","arm64","4.5.2"
"ak/benchmark-baseline/323@9d04eef","G1","acefa","check_tbl_spl_non_compound_tid",65000,11661750,1,7336,19.77,"check_success","ok","ak/benchmark-baseline/323@9d04eef","1.2.1.9000","2.2.2.9000","Darwin","arm64","4.5.2"
"ak/benchmark-baseline/323@9d04eef","G1","acefa","check_tbl_spl_n",65000,11661750,1,7338,19.76,"check_success","ok","ak/benchmark-baseline/323@9d04eef","1.2.1.9000","2.2.2.9000","Darwin","arm64","4.5.2"
"ak/benchmark-baseline/323@9d04eef","G2","acefa","baseline_load_only_chr",65000,38872500,1,193,0,"none","ok","ak/benchmark-baseline/323@9d04eef","1.2.1.9000","2.2.2.9000","Darwin","arm64","4.5.2"
"ak/benchmark-baseline/323@9d04eef","G2","acefa","baseline_load_only_typed",65000,38872500,1,183,0,"none","ok","ak/benchmark-baseline/323@9d04eef","1.2.1.9000","2.2.2.9000","Darwin","arm64","4.5.2"
"ak/benchmark-baseline/323@9d04eef","G2","acefa","prepare_compound_taskid_set",65000,38872500,1,9539,27.79,"list","ok","ak/benchmark-baseline/323@9d04eef","1.2.1.9000","2.2.2.9000","Darwin","arm64","4.5.2"
"ak/benchmark-baseline/323@9d04eef","G2","acefa","match_tbl_to_model_task",65000,38872500,1,9783,27.67,"list","ok","ak/benchmark-baseline/323@9d04eef","1.2.1.9000","2.2.2.9000","Darwin","arm64","4.5.2"
"ak/benchmark-baseline/323@9d04eef","G2","acefa","check_tbl_values",65000,38872500,1,9607,33.71,"check_success","ok","ak/benchmark-baseline/323@9d04eef","1.2.1.9000","2.2.2.9000","Darwin","arm64","4.5.2"
"ak/benchmark-baseline/323@9d04eef","G2","acefa","check_tbl_values_required",65000,38872500,1,10397,1481.5,"check_success","ok","ak/benchmark-baseline/323@9d04eef","1.2.1.9000","2.2.2.9000","Darwin","arm64","4.5.2"
"ak/benchmark-baseline/323@9d04eef","G2","acefa","check_tbl_value_col",65000,38872500,1,9925,28.7,"check_success","ok","ak/benchmark-baseline/323@9d04eef","1.2.1.9000","2.2.2.9000","Darwin","arm64","4.5.2"
"ak/benchmark-baseline/323@9d04eef","G2","acefa","check_tbl_value_col_ascending",65000,38872500,1,195,0.03,"check_info","ok","ak/benchmark-baseline/323@9d04eef","1.2.1.9000","2.2.2.9000","Darwin","arm64","4.5.2"
"ak/benchmark-baseline/323@9d04eef","G2","acefa","check_tbl_rows_unique",65000,38872500,1,282,0.17,"check_success","ok","ak/benchmark-baseline/323@9d04eef","1.2.1.9000","2.2.2.9000","Darwin","arm64","4.5.2"
"ak/benchmark-baseline/323@9d04eef","G2","acefa","check_tbl_spl_mt_unique",65000,38872500,1,8065,14.2,"check_success","ok","ak/benchmark-baseline/323@9d04eef","1.2.1.9000","2.2.2.9000","Darwin","arm64","4.5.2"
"ak/benchmark-baseline/323@9d04eef","G2","acefa","check_tbl_spl_compound_taskid_set",65000,38872500,1,9514,27.93,"check_success","ok","ak/benchmark-baseline/323@9d04eef","1.2.1.9000","2.2.2.9000","Darwin","arm64","4.5.2"
"ak/benchmark-baseline/323@9d04eef","G2","acefa","check_tbl_spl_compound_tid",65000,38872500,1,11085,36.39,"check_success","ok","ak/benchmark-baseline/323@9d04eef","1.2.1.9000","2.2.2.9000","Darwin","arm64","4.5.2"
"ak/benchmark-baseline/323@9d04eef","G2","acefa","check_tbl_spl_non_compound_tid",65000,38872500,1,10921,36,"check_success","ok","ak/benchmark-baseline/323@9d04eef","1.2.1.9000","2.2.2.9000","Darwin","arm64","4.5.2"
"ak/benchmark-baseline/323@9d04eef","G2","acefa","check_tbl_spl_n",65000,38872500,1,10657,36.95,"check_success","ok","ak/benchmark-baseline/323@9d04eef","1.2.1.9000","2.2.2.9000","Darwin","arm64","4.5.2"
"ak/benchmark-baseline/323@a3671f1","G3","acefa","baseline_load_only_chr",65000,77745000,1,196,0,"none","ok","ak/benchmark-baseline/323@a3671f1","1.2.1.9000","2.2.2.9000","Darwin","arm64","4.5.2"
"ak/benchmark-baseline/323@a3671f1","G3","acefa","baseline_load_only_typed",65000,77745000,1,186,0,"none","ok","ak/benchmark-baseline/323@a3671f1","1.2.1.9000","2.2.2.9000","Darwin","arm64","4.5.2"
"ak/benchmark-baseline/323@a3671f1","G3","acefa","prepare_compound_taskid_set",65000,77745000,1,11156,62.18,"list","ok","ak/benchmark-baseline/323@a3671f1","1.2.1.9000","2.2.2.9000","Darwin","arm64","4.5.2"
"ak/benchmark-baseline/323@a3671f1","G3","acefa","match_tbl_to_model_task",65000,77745000,1,11452,60.14,"list","ok","ak/benchmark-baseline/323@a3671f1","1.2.1.9000","2.2.2.9000","Darwin","arm64","4.5.2"
"ak/benchmark-baseline/323@a3671f1","G3","acefa","check_tbl_values",65000,77745000,1,11474,75.52,"check_success","ok","ak/benchmark-baseline/323@a3671f1","1.2.1.9000","2.2.2.9000","Darwin","arm64","4.5.2"
"ak/benchmark-baseline/323@a3671f1","G3","acefa","check_tbl_values_required",65000,77745000,1,13280,3497.15,"check_success","ok","ak/benchmark-baseline/323@a3671f1","1.2.1.9000","2.2.2.9000","Darwin","arm64","4.5.2"
"ak/benchmark-baseline/323@a3671f1","G3","acefa","check_tbl_value_col",65000,77745000,1,13424,59.64,"check_success","ok","ak/benchmark-baseline/323@a3671f1","1.2.1.9000","2.2.2.9000","Darwin","arm64","4.5.2"
"ak/benchmark-baseline/323@a3671f1","G3","acefa","check_tbl_value_col_ascending",65000,77745000,1,193,0.03,"check_info","ok","ak/benchmark-baseline/323@a3671f1","1.2.1.9000","2.2.2.9000","Darwin","arm64","4.5.2"
"ak/benchmark-baseline/323@a3671f1","G3","acefa","check_tbl_rows_unique",65000,77745000,1,293,0.17,"check_success","ok","ak/benchmark-baseline/323@a3671f1","1.2.1.9000","2.2.2.9000","Darwin","arm64","4.5.2"
"ak/benchmark-baseline/323@a3671f1","G3","acefa","check_tbl_spl_mt_unique",65000,77745000,1,13396,28.23,"check_success","ok","ak/benchmark-baseline/323@a3671f1","1.2.1.9000","2.2.2.9000","Darwin","arm64","4.5.2"
"ak/benchmark-baseline/323@a3671f1","G3","acefa","check_tbl_spl_compound_taskid_set",65000,77745000,1,13883,57.76,"check_success","ok","ak/benchmark-baseline/323@a3671f1","1.2.1.9000","2.2.2.9000","Darwin","arm64","4.5.2"
"ak/benchmark-baseline/323@a3671f1","G3","acefa","check_tbl_spl_compound_tid",65000,77745000,1,13717,77.42,"check_success","ok","ak/benchmark-baseline/323@a3671f1","1.2.1.9000","2.2.2.9000","Darwin","arm64","4.5.2"
"ak/benchmark-baseline/323@a3671f1","G3","acefa","check_tbl_spl_non_compound_tid",65000,77745000,1,14237,77.68,"check_success","ok","ak/benchmark-baseline/323@a3671f1","1.2.1.9000","2.2.2.9000","Darwin","arm64","4.5.2"
"ak/benchmark-baseline/323@a3671f1","G3","acefa","check_tbl_spl_n",65000,77745000,1,13787,75.96,"check_success","ok","ak/benchmark-baseline/323@a3671f1","1.2.1.9000","2.2.2.9000","Darwin","arm64","4.5.2"
"grid-free-assignment-355","G1","acefa","baseline_load_only_chr",65000,11661750,1,195,0,"none","ok","ak/grid-free-assignment/355@18eb721-dirty","1.2.1.9000","2.2.2.9000","Darwin","arm64","4.5.2"
"grid-free-assignment-355","G1","acefa","baseline_load_only_typed",65000,11661750,1,185,0,"none","ok","ak/grid-free-assignment/355@18eb721-dirty","1.2.1.9000","2.2.2.9000","Darwin","arm64","4.5.2"
"grid-free-assignment-355","G1","acefa","prepare_compound_taskid_set",65000,11661750,1,3407,8.45,"list","ok","ak/grid-free-assignment/355@18eb721-dirty","1.2.1.9000","2.2.2.9000","Darwin","arm64","4.5.2"
"grid-free-assignment-355","G1","acefa","match_tbl_to_model_task",65000,11661750,1,236,0.07,"list","ok","ak/grid-free-assignment/355@18eb721-dirty","1.2.1.9000","2.2.2.9000","Darwin","arm64","4.5.2"
"grid-free-assignment-355","G1","acefa","check_tbl_values",65000,11661750,1,4020,10.34,"check_success","ok","ak/grid-free-assignment/355@18eb721-dirty","1.2.1.9000","2.2.2.9000","Darwin","arm64","4.5.2"
"grid-free-assignment-355","G1","acefa","check_tbl_values_required",65000,11661750,1,3894,428.13,"check_success","ok","ak/grid-free-assignment/355@18eb721-dirty","1.2.1.9000","2.2.2.9000","Darwin","arm64","4.5.2"
"grid-free-assignment-355","G1","acefa","check_tbl_value_col",65000,11661750,1,258,0.1,"check_success","ok","ak/grid-free-assignment/355@18eb721-dirty","1.2.1.9000","2.2.2.9000","Darwin","arm64","4.5.2"
"grid-free-assignment-355","G1","acefa","check_tbl_value_col_ascending",65000,11661750,1,199,0.03,"check_info","ok","ak/grid-free-assignment/355@18eb721-dirty","1.2.1.9000","2.2.2.9000","Darwin","arm64","4.5.2"
"grid-free-assignment-355","G1","acefa","check_tbl_rows_unique",65000,11661750,1,286,0.17,"check_success","ok","ak/grid-free-assignment/355@18eb721-dirty","1.2.1.9000","2.2.2.9000","Darwin","arm64","4.5.2"
"grid-free-assignment-355","G1","acefa","check_tbl_spl_mt_unique",65000,11661750,1,2546,4.48,"check_success","ok","ak/grid-free-assignment/355@18eb721-dirty","1.2.1.9000","2.2.2.9000","Darwin","arm64","4.5.2"
"grid-free-assignment-355","G1","acefa","check_tbl_spl_compound_taskid_set",65000,11661750,1,3295,8.36,"check_success","ok","ak/grid-free-assignment/355@18eb721-dirty","1.2.1.9000","2.2.2.9000","Darwin","arm64","4.5.2"
"grid-free-assignment-355","G1","acefa","check_tbl_spl_compound_tid",65000,11661750,1,7342,19.78,"check_success","ok","ak/grid-free-assignment/355@18eb721-dirty","1.2.1.9000","2.2.2.9000","Darwin","arm64","4.5.2"
"grid-free-assignment-355","G1","acefa","check_tbl_spl_non_compound_tid",65000,11661750,1,7410,19.79,"check_success","ok","ak/grid-free-assignment/355@18eb721-dirty","1.2.1.9000","2.2.2.9000","Darwin","arm64","4.5.2"
"grid-free-assignment-355","G1","acefa","check_tbl_spl_n",65000,11661750,1,7469,19.84,"check_success","ok","ak/grid-free-assignment/355@18eb721-dirty","1.2.1.9000","2.2.2.9000","Darwin","arm64","4.5.2"
"grid-free-assignment-355","G2","acefa","baseline_load_only_chr",65000,38872500,1,189,0,"none","ok","ak/grid-free-assignment/355@18eb721-dirty","1.2.1.9000","2.2.2.9000","Darwin","arm64","4.5.2"
"grid-free-assignment-355","G2","acefa","baseline_load_only_typed",65000,38872500,1,182,0,"none","ok","ak/grid-free-assignment/355@18eb721-dirty","1.2.1.9000","2.2.2.9000","Darwin","arm64","4.5.2"
"grid-free-assignment-355","G2","acefa","prepare_compound_taskid_set",65000,38872500,1,9667,27.99,"list","ok","ak/grid-free-assignment/355@18eb721-dirty","1.2.1.9000","2.2.2.9000","Darwin","arm64","4.5.2"
"grid-free-assignment-355","G2","acefa","match_tbl_to_model_task",65000,38872500,1,227,0.06,"list","ok","ak/grid-free-assignment/355@18eb721-dirty","1.2.1.9000","2.2.2.9000","Darwin","arm64","4.5.2"
"grid-free-assignment-355","G2","acefa","check_tbl_values",65000,38872500,1,9863,32.83,"check_success","ok","ak/grid-free-assignment/355@18eb721-dirty","1.2.1.9000","2.2.2.9000","Darwin","arm64","4.5.2"
"grid-free-assignment-355","G2","acefa","check_tbl_values_required",65000,38872500,1,9801,1450.04,"check_success","ok","ak/grid-free-assignment/355@18eb721-dirty","1.2.1.9000","2.2.2.9000","Darwin","arm64","4.5.2"
"grid-free-assignment-355","G2","acefa","check_tbl_value_col",65000,38872500,1,257,0.1,"check_success","ok","ak/grid-free-assignment/355@18eb721-dirty","1.2.1.9000","2.2.2.9000","Darwin","arm64","4.5.2"
"grid-free-assignment-355","G2","acefa","check_tbl_value_col_ascending",65000,38872500,1,196,0.03,"check_info","ok","ak/grid-free-assignment/355@18eb721-dirty","1.2.1.9000","2.2.2.9000","Darwin","arm64","4.5.2"
"grid-free-assignment-355","G2","acefa","check_tbl_rows_unique",65000,38872500,1,289,0.18,"check_success","ok","ak/grid-free-assignment/355@18eb721-dirty","1.2.1.9000","2.2.2.9000","Darwin","arm64","4.5.2"
"grid-free-assignment-355","G2","acefa","check_tbl_spl_mt_unique",65000,38872500,1,8072,13.97,"check_success","ok","ak/grid-free-assignment/355@18eb721-dirty","1.2.1.9000","2.2.2.9000","Darwin","arm64","4.5.2"
"grid-free-assignment-355","G2","acefa","check_tbl_spl_compound_taskid_set",65000,38872500,1,9622,26.85,"check_success","ok","ak/grid-free-assignment/355@18eb721-dirty","1.2.1.9000","2.2.2.9000","Darwin","arm64","4.5.2"
"grid-free-assignment-355","G2","acefa","check_tbl_spl_compound_tid",65000,38872500,1,10566,36.07,"check_success","ok","ak/grid-free-assignment/355@18eb721-dirty","1.2.1.9000","2.2.2.9000","Darwin","arm64","4.5.2"
"grid-free-assignment-355","G2","acefa","check_tbl_spl_non_compound_tid",65000,38872500,1,10316,36.05,"check_success","ok","ak/grid-free-assignment/355@18eb721-dirty","1.2.1.9000","2.2.2.9000","Darwin","arm64","4.5.2"
"grid-free-assignment-355","G2","acefa","check_tbl_spl_n",65000,38872500,1,11058,36.1,"check_success","ok","ak/grid-free-assignment/355@18eb721-dirty","1.2.1.9000","2.2.2.9000","Darwin","arm64","4.5.2"
"grid-free-assignment-355","G3","acefa","baseline_load_only_chr",65000,77745000,1,186,0,"none","ok","ak/grid-free-assignment/355@18eb721-dirty","1.2.1.9000","2.2.2.9000","Darwin","arm64","4.5.2"
"grid-free-assignment-355","G3","acefa","baseline_load_only_typed",65000,77745000,1,184,0,"none","ok","ak/grid-free-assignment/355@18eb721-dirty","1.2.1.9000","2.2.2.9000","Darwin","arm64","4.5.2"
"grid-free-assignment-355","G3","acefa","prepare_compound_taskid_set",65000,77745000,1,14205,58.25,"list","ok","ak/grid-free-assignment/355@18eb721-dirty","1.2.1.9000","2.2.2.9000","Darwin","arm64","4.5.2"
"grid-free-assignment-355","G3","acefa","match_tbl_to_model_task",65000,77745000,1,230,0.06,"list","ok","ak/grid-free-assignment/355@18eb721-dirty","1.2.1.9000","2.2.2.9000","Darwin","arm64","4.5.2"
"grid-free-assignment-355","G3","acefa","check_tbl_values",65000,77745000,1,13035,73.68,"check_success","ok","ak/grid-free-assignment/355@18eb721-dirty","1.2.1.9000","2.2.2.9000","Darwin","arm64","4.5.2"
"grid-free-assignment-355","G3","acefa","check_tbl_values_required",65000,77745000,1,13797,3420.32,"check_success","ok","ak/grid-free-assignment/355@18eb721-dirty","1.2.1.9000","2.2.2.9000","Darwin","arm64","4.5.2"
"grid-free-assignment-355","G3","acefa","check_tbl_value_col",65000,77745000,1,252,0.1,"check_success","ok","ak/grid-free-assignment/355@18eb721-dirty","1.2.1.9000","2.2.2.9000","Darwin","arm64","4.5.2"
"grid-free-assignment-355","G3","acefa","check_tbl_value_col_ascending",65000,77745000,1,196,0.03,"check_info","ok","ak/grid-free-assignment/355@18eb721-dirty","1.2.1.9000","2.2.2.9000","Darwin","arm64","4.5.2"
"grid-free-assignment-355","G3","acefa","check_tbl_rows_unique",65000,77745000,1,282,0.17,"check_success","ok","ak/grid-free-assignment/355@18eb721-dirty","1.2.1.9000","2.2.2.9000","Darwin","arm64","4.5.2"
"grid-free-assignment-355","G3","acefa","check_tbl_spl_mt_unique",65000,77745000,1,12632,29.9,"check_success","ok","ak/grid-free-assignment/355@18eb721-dirty","1.2.1.9000","2.2.2.9000","Darwin","arm64","4.5.2"
"grid-free-assignment-355","G3","acefa","check_tbl_spl_compound_taskid_set",65000,77745000,1,13817,57.65,"check_success","ok","ak/grid-free-assignment/355@18eb721-dirty","1.2.1.9000","2.2.2.9000","Darwin","arm64","4.5.2"
"grid-free-assignment-355","G3","acefa","check_tbl_spl_compound_tid",65000,77745000,1,13583,78.34,"check_success","ok","ak/grid-free-assignment/355@18eb721-dirty","1.2.1.9000","2.2.2.9000","Darwin","arm64","4.5.2"
"grid-free-assignment-355","G3","acefa","check_tbl_spl_non_compound_tid",65000,77745000,1,12955,87.89,"check_success","ok","ak/grid-free-assignment/355@18eb721-dirty","1.2.1.9000","2.2.2.9000","Darwin","arm64","4.5.2"
"grid-free-assignment-355","M","acefa","baseline_load_only_chr",460000,237510,1,286,0,"none","ok","ak/grid-free-assignment/355@18eb721-dirty","1.2.1.9000","2.2.2.9000","Darwin","arm64","4.5.2"
"grid-free-assignment-355","M","acefa","baseline_load_only_typed",460000,237510,1,234,0,"none","ok","ak/grid-free-assignment/355@18eb721-dirty","1.2.1.9000","2.2.2.9000","Darwin","arm64","4.5.2"
"grid-free-assignment-355","M","acefa","prepare_compound_taskid_set",460000,237510,1,554,0.92,"list","ok","ak/grid-free-assignment/355@18eb721-dirty","1.2.1.9000","2.2.2.9000","Darwin","arm64","4.5.2"
"grid-free-assignment-355","M","acefa","match_tbl_to_model_task",460000,237510,1,386,0.6,"list","ok","ak/grid-free-assignment/355@18eb721-dirty","1.2.1.9000","2.2.2.9000","Darwin","arm64","4.5.2"
"grid-free-assignment-355","M","acefa","check_tbl_values",460000,237510,1,463,1.04,"check_success","ok","ak/grid-free-assignment/355@18eb721-dirty","1.2.1.9000","2.2.2.9000","Darwin","arm64","4.5.2"
"grid-free-assignment-355","M","acefa","check_tbl_values_required",460000,237510,1,741,18.38,"check_success","ok","ak/grid-free-assignment/355@18eb721-dirty","1.2.1.9000","2.2.2.9000","Darwin","arm64","4.5.2"
"grid-free-assignment-355","M","acefa","check_tbl_value_col",460000,237510,1,418,0.66,"check_success","ok","ak/grid-free-assignment/355@18eb721-dirty","1.2.1.9000","2.2.2.9000","Darwin","arm64","4.5.2"
"grid-free-assignment-355","M","acefa","check_tbl_value_col_ascending",460000,237510,1,286,0.11,"check_info","ok","ak/grid-free-assignment/355@18eb721-dirty","1.2.1.9000","2.2.2.9000","Darwin","arm64","4.5.2"
"grid-free-assignment-355","M","acefa","check_tbl_rows_unique",460000,237510,1,690,1.83,"check_success","ok","ak/grid-free-assignment/355@18eb721-dirty","1.2.1.9000","2.2.2.9000","Darwin","arm64","4.5.2"
"grid-free-assignment-355","M","acefa","check_tbl_spl_mt_unique",460000,237510,1,338,0.33,"check_success","ok","ak/grid-free-assignment/355@18eb721-dirty","1.2.1.9000","2.2.2.9000","Darwin","arm64","4.5.2"
"grid-free-assignment-355","M","acefa","check_tbl_spl_compound_taskid_set",460000,237510,1,574,0.83,"check_success","ok","ak/grid-free-assignment/355@18eb721-dirty","1.2.1.9000","2.2.2.9000","Darwin","arm64","4.5.2"
"grid-free-assignment-355","M","acefa","check_tbl_spl_compound_tid",460000,237510,1,654,2.12,"check_success","ok","ak/grid-free-assignment/355@18eb721-dirty","1.2.1.9000","2.2.2.9000","Darwin","arm64","4.5.2"
"grid-free-assignment-355","M","acefa","check_tbl_spl_non_compound_tid",460000,237510,1,624,2.18,"check_success","ok","ak/grid-free-assignment/355@18eb721-dirty","1.2.1.9000","2.2.2.9000","Darwin","arm64","4.5.2"
"grid-free-assignment-355","M","acefa","check_tbl_spl_n",460000,237510,1,609,2.27,"check_success","ok","ak/grid-free-assignment/355@18eb721-dirty","1.2.1.9000","2.2.2.9000","Darwin","arm64","4.5.2"
"grid-free-assignment-355","M","mt3","baseline_load_only_chr",460000,237510,3,264,0,"none","ok","ak/grid-free-assignment/355@18eb721-dirty","1.2.1.9000","2.2.2.9000","Darwin","arm64","4.5.2"
"grid-free-assignment-355","M","mt3","baseline_load_only_typed",460000,237510,3,242,0,"none","ok","ak/grid-free-assignment/355@18eb721-dirty","1.2.1.9000","2.2.2.9000","Darwin","arm64","4.5.2"
"grid-free-assignment-355","M","mt3","prepare_compound_taskid_set",460000,237510,3,648,1.3,"list","ok","ak/grid-free-assignment/355@18eb721-dirty","1.2.1.9000","2.2.2.9000","Darwin","arm64","4.5.2"
"grid-free-assignment-355","M","mt3","match_tbl_to_model_task",460000,237510,3,471,0.7,"list","ok","ak/grid-free-assignment/355@18eb721-dirty","1.2.1.9000","2.2.2.9000","Darwin","arm64","4.5.2"
"grid-free-assignment-355","M","mt3","check_tbl_values",460000,237510,3,483,1,"check_success","ok","ak/grid-free-assignment/355@18eb721-dirty","1.2.1.9000","2.2.2.9000","Darwin","arm64","4.5.2"
"grid-free-assignment-355","G3","acefa","check_tbl_spl_n",65000,77745000,1,12423,85.37,"check_success","ok","ak/grid-free-assignment/355@18eb721-dirty","1.2.1.9000","2.2.2.9000","Darwin","arm64","4.5.2"
"grid-free-assignment-355","M","mt3","check_tbl_values_required",460000,237510,3,640,7.72,"check_success","ok","ak/grid-free-assignment/355@18eb721-dirty","1.2.1.9000","2.2.2.9000","Darwin","arm64","4.5.2"
"grid-free-assignment-355","M","mt3","check_tbl_value_col",460000,237510,3,472,0.73,"check_success","ok","ak/grid-free-assignment/355@18eb721-dirty","1.2.1.9000","2.2.2.9000","Darwin","arm64","4.5.2"
"grid-free-assignment-355","M","mt3","check_tbl_value_col_ascending",460000,237510,3,286,0.09,"check_info","ok","ak/grid-free-assignment/355@18eb721-dirty","1.2.1.9000","2.2.2.9000","Darwin","arm64","4.5.2"
"grid-free-assignment-355","M","mt3","check_tbl_rows_unique",460000,237510,3,760,1.53,"check_success","ok","ak/grid-free-assignment/355@18eb721-dirty","1.2.1.9000","2.2.2.9000","Darwin","arm64","4.5.2"
"grid-free-assignment-355","M","mt3","check_tbl_spl_mt_unique",460000,237510,3,483,0.78,"check_success","ok","ak/grid-free-assignment/355@18eb721-dirty","1.2.1.9000","2.2.2.9000","Darwin","arm64","4.5.2"
"grid-free-assignment-355","M","mt3","check_tbl_spl_compound_taskid_set",460000,237510,3,600,1.22,"check_success","ok","ak/grid-free-assignment/355@18eb721-dirty","1.2.1.9000","2.2.2.9000","Darwin","arm64","4.5.2"
"grid-free-assignment-355","M","mt3","check_tbl_spl_compound_tid",460000,237510,3,608,4.42,"check_success","ok","ak/grid-free-assignment/355@18eb721-dirty","1.2.1.9000","2.2.2.9000","Darwin","arm64","4.5.2"
"grid-free-assignment-355","M","mt3","check_tbl_spl_non_compound_tid",460000,237510,3,624,4.49,"check_success","ok","ak/grid-free-assignment/355@18eb721-dirty","1.2.1.9000","2.2.2.9000","Darwin","arm64","4.5.2"
"grid-free-assignment-355","M","mt3","check_tbl_spl_n",460000,237510,3,614,4.54,"check_success","ok","ak/grid-free-assignment/355@18eb721-dirty","1.2.1.9000","2.2.2.9000","Darwin","arm64","4.5.2"
"grid-free-assignment-355","M","mt7","baseline_load_only_chr",460000,237510,7,270,0,"none","ok","ak/grid-free-assignment/355@18eb721-dirty","1.2.1.9000","2.2.2.9000","Darwin","arm64","4.5.2"
"grid-free-assignment-355","M","mt7","baseline_load_only_typed",460000,237510,7,251,0,"none","ok","ak/grid-free-assignment/355@18eb721-dirty","1.2.1.9000","2.2.2.9000","Darwin","arm64","4.5.2"
"grid-free-assignment-355","M","mt7","prepare_compound_taskid_set",460000,237510,7,646,1.73,"list","ok","ak/grid-free-assignment/355@18eb721-dirty","1.2.1.9000","2.2.2.9000","Darwin","arm64","4.5.2"
"grid-free-assignment-355","M","mt7","match_tbl_to_model_task",460000,237510,7,540,0.84,"list","ok","ak/grid-free-assignment/355@18eb721-dirty","1.2.1.9000","2.2.2.9000","Darwin","arm64","4.5.2"
"grid-free-assignment-355","M","mt7","check_tbl_values",460000,237510,7,496,0.92,"check_success","ok","ak/grid-free-assignment/355@18eb721-dirty","1.2.1.9000","2.2.2.9000","Darwin","arm64","4.5.2"
"grid-free-assignment-355","M","mt7","check_tbl_values_required",460000,237510,7,712,6.16,"check_success","ok","ak/grid-free-assignment/355@18eb721-dirty","1.2.1.9000","2.2.2.9000","Darwin","arm64","4.5.2"
"grid-free-assignment-355","M","mt7","check_tbl_value_col",460000,237510,7,603,0.92,"check_success","ok","ak/grid-free-assignment/355@18eb721-dirty","1.2.1.9000","2.2.2.9000","Darwin","arm64","4.5.2"
"grid-free-assignment-355","M","mt7","check_tbl_value_col_ascending",460000,237510,7,278,0.09,"check_info","ok","ak/grid-free-assignment/355@18eb721-dirty","1.2.1.9000","2.2.2.9000","Darwin","arm64","4.5.2"
"grid-free-assignment-355","M","mt7","check_tbl_rows_unique",460000,237510,7,759,1.52,"check_success","ok","ak/grid-free-assignment/355@18eb721-dirty","1.2.1.9000","2.2.2.9000","Darwin","arm64","4.5.2"
"grid-free-assignment-355","M","mt7","check_tbl_spl_mt_unique",460000,237510,7,538,1.08,"check_success","ok","ak/grid-free-assignment/355@18eb721-dirty","1.2.1.9000","2.2.2.9000","Darwin","arm64","4.5.2"
"grid-free-assignment-355","M","mt7","check_tbl_spl_compound_taskid_set",460000,237510,7,685,1.76,"check_success","ok","ak/grid-free-assignment/355@18eb721-dirty","1.2.1.9000","2.2.2.9000","Darwin","arm64","4.5.2"
"grid-free-assignment-355","M","mt7","check_tbl_spl_compound_tid",460000,237510,7,658,7,"check_success","ok","ak/grid-free-assignment/355@18eb721-dirty","1.2.1.9000","2.2.2.9000","Darwin","arm64","4.5.2"
"grid-free-assignment-355","M","mt7","check_tbl_spl_non_compound_tid",460000,237510,7,653,6.83,"check_success","ok","ak/grid-free-assignment/355@18eb721-dirty","1.2.1.9000","2.2.2.9000","Darwin","arm64","4.5.2"
"grid-free-assignment-355","M","mt7","check_tbl_spl_n",460000,237510,7,639,6.86,"check_success","ok","ak/grid-free-assignment/355@18eb721-dirty","1.2.1.9000","2.2.2.9000","Darwin","arm64","4.5.2"
"ak/grid-free-assignment/355","G1","acefa","baseline_load_only_chr",65000,11661750,1,196,0,"none","ok","ak/grid-free-assignment/355@7849fa2-dirty","1.2.1.9000","2.2.2.9000","Darwin","arm64","4.5.2"
"ak/grid-free-assignment/355","G1","acefa","baseline_load_only_typed",65000,11661750,1,193,0,"none","ok","ak/grid-free-assignment/355@7849fa2-dirty","1.2.1.9000","2.2.2.9000","Darwin","arm64","4.5.2"
"ak/grid-free-assignment/355","G1","acefa","prepare_compound_taskid_set",65000,11661750,1,3400,8.91,"list","ok","ak/grid-free-assignment/355@7849fa2-dirty","1.2.1.9000","2.2.2.9000","Darwin","arm64","4.5.2"
"ak/grid-free-assignment/355","G1","acefa","match_tbl_to_model_task",65000,11661750,1,221,0.05,"list","ok","ak/grid-free-assignment/355@7849fa2-dirty","1.2.1.9000","2.2.2.9000","Darwin","arm64","4.5.2"
"ak/grid-free-assignment/355","G1","acefa","check_tbl_values",65000,11661750,1,4030,10.35,"check_success","ok","ak/grid-free-assignment/355@7849fa2-dirty","1.2.1.9000","2.2.2.9000","Darwin","arm64","4.5.2"
"ak/grid-free-assignment/355","G1","acefa","check_tbl_values_required",65000,11661750,1,3903,427.79,"check_success","ok","ak/grid-free-assignment/355@7849fa2-dirty","1.2.1.9000","2.2.2.9000","Darwin","arm64","4.5.2"
"ak/grid-free-assignment/355","G1","acefa","check_tbl_value_col",65000,11661750,1,240,0.13,"check_success","ok","ak/grid-free-assignment/355@7849fa2-dirty","1.2.1.9000","2.2.2.9000","Darwin","arm64","4.5.2"
"ak/grid-free-assignment/355","G1","acefa","check_tbl_value_col_ascending",65000,11661750,1,200,0.03,"check_info","ok","ak/grid-free-assignment/355@7849fa2-dirty","1.2.1.9000","2.2.2.9000","Darwin","arm64","4.5.2"
"ak/grid-free-assignment/355","G1","acefa","check_tbl_rows_unique",65000,11661750,1,283,0.18,"check_success","ok","ak/grid-free-assignment/355@7849fa2-dirty","1.2.1.9000","2.2.2.9000","Darwin","arm64","4.5.2"
"ak/grid-free-assignment/355","G1","acefa","check_tbl_spl_mt_unique",65000,11661750,1,2545,4.56,"check_success","ok","ak/grid-free-assignment/355@7849fa2-dirty","1.2.1.9000","2.2.2.9000","Darwin","arm64","4.5.2"
"ak/grid-free-assignment/355","G1","acefa","check_tbl_spl_compound_taskid_set",65000,11661750,1,3407,8.7,"check_success","ok","ak/grid-free-assignment/355@7849fa2-dirty","1.2.1.9000","2.2.2.9000","Darwin","arm64","4.5.2"
"ak/grid-free-assignment/355","G1","acefa","check_tbl_spl_compound_tid",65000,11661750,1,7121,21,"check_success","ok","ak/grid-free-assignment/355@7849fa2-dirty","1.2.1.9000","2.2.2.9000","Darwin","arm64","4.5.2"
"ak/grid-free-assignment/355","G1","acefa","check_tbl_spl_non_compound_tid",65000,11661750,1,7343,20.5,"check_success","ok","ak/grid-free-assignment/355@7849fa2-dirty","1.2.1.9000","2.2.2.9000","Darwin","arm64","4.5.2"
"ak/grid-free-assignment/355","G1","acefa","check_tbl_spl_n",65000,11661750,1,7361,20.18,"check_success","ok","ak/grid-free-assignment/355@7849fa2-dirty","1.2.1.9000","2.2.2.9000","Darwin","arm64","4.5.2"
"ak/grid-free-assignment/355","G2","acefa","baseline_load_only_chr",65000,38872500,1,191,0,"none","ok","ak/grid-free-assignment/355@7849fa2-dirty","1.2.1.9000","2.2.2.9000","Darwin","arm64","4.5.2"
"ak/grid-free-assignment/355","G2","acefa","baseline_load_only_typed",65000,38872500,1,185,0,"none","ok","ak/grid-free-assignment/355@7849fa2-dirty","1.2.1.9000","2.2.2.9000","Darwin","arm64","4.5.2"
"ak/grid-free-assignment/355","G2","acefa","prepare_compound_taskid_set",65000,38872500,1,9547,28.83,"list","ok","ak/grid-free-assignment/355@7849fa2-dirty","1.2.1.9000","2.2.2.9000","Darwin","arm64","4.5.2"
"ak/grid-free-assignment/355","G2","acefa","match_tbl_to_model_task",65000,38872500,1,210,0.04,"list","ok","ak/grid-free-assignment/355@7849fa2-dirty","1.2.1.9000","2.2.2.9000","Darwin","arm64","4.5.2"
"ak/grid-free-assignment/355","G2","acefa","check_tbl_values",65000,38872500,1,9601,33.2,"check_success","ok","ak/grid-free-assignment/355@7849fa2-dirty","1.2.1.9000","2.2.2.9000","Darwin","arm64","4.5.2"
"ak/grid-free-assignment/355","G2","acefa","check_tbl_values_required",65000,38872500,1,9815,1490.47,"check_success","ok","ak/grid-free-assignment/355@7849fa2-dirty","1.2.1.9000","2.2.2.9000","Darwin","arm64","4.5.2"
"ak/grid-free-assignment/355","G2","acefa","check_tbl_value_col",65000,38872500,1,238,0.13,"check_success","ok","ak/grid-free-assignment/355@7849fa2-dirty","1.2.1.9000","2.2.2.9000","Darwin","arm64","4.5.2"
"ak/grid-free-assignment/355","G2","acefa","check_tbl_value_col_ascending",65000,38872500,1,202,0.03,"check_info","ok","ak/grid-free-assignment/355@7849fa2-dirty","1.2.1.9000","2.2.2.9000","Darwin","arm64","4.5.2"
"ak/grid-free-assignment/355","G2","acefa","check_tbl_rows_unique",65000,38872500,1,282,0.18,"check_success","ok","ak/grid-free-assignment/355@7849fa2-dirty","1.2.1.9000","2.2.2.9000","Darwin","arm64","4.5.2"
"ak/grid-free-assignment/355","G2","acefa","check_tbl_spl_mt_unique",65000,38872500,1,8067,14.38,"check_success","ok","ak/grid-free-assignment/355@7849fa2-dirty","1.2.1.9000","2.2.2.9000","Darwin","arm64","4.5.2"
"ak/grid-free-assignment/355","G2","acefa","check_tbl_spl_compound_taskid_set",65000,38872500,1,9211,28.09,"check_success","ok","ak/grid-free-assignment/355@7849fa2-dirty","1.2.1.9000","2.2.2.9000","Darwin","arm64","4.5.2"
"ak/grid-free-assignment/355","G2","acefa","check_tbl_spl_compound_tid",65000,38872500,1,10355,38.01,"check_success","ok","ak/grid-free-assignment/355@7849fa2-dirty","1.2.1.9000","2.2.2.9000","Darwin","arm64","4.5.2"
"ak/grid-free-assignment/355","G2","acefa","check_tbl_spl_non_compound_tid",65000,38872500,1,10246,37.77,"check_success","ok","ak/grid-free-assignment/355@7849fa2-dirty","1.2.1.9000","2.2.2.9000","Darwin","arm64","4.5.2"
"ak/grid-free-assignment/355","G2","acefa","check_tbl_spl_n",65000,38872500,1,10741,37.05,"check_success","ok","ak/grid-free-assignment/355@7849fa2-dirty","1.2.1.9000","2.2.2.9000","Darwin","arm64","4.5.2"
"ak/grid-free-assignment/355","G3","acefa","baseline_load_only_chr",65000,77745000,1,194,0,"none","ok","ak/grid-free-assignment/355@7849fa2-dirty","1.2.1.9000","2.2.2.9000","Darwin","arm64","4.5.2"
"ak/grid-free-assignment/355","G3","acefa","baseline_load_only_typed",65000,77745000,1,188,0,"none","ok","ak/grid-free-assignment/355@7849fa2-dirty","1.2.1.9000","2.2.2.9000","Darwin","arm64","4.5.2"
"ak/grid-free-assignment/355","G3","acefa","prepare_compound_taskid_set",65000,77745000,1,12632,59,"list","ok","ak/grid-free-assignment/355@7849fa2-dirty","1.2.1.9000","2.2.2.9000","Darwin","arm64","4.5.2"
"ak/grid-free-assignment/355","G3","acefa","match_tbl_to_model_task",65000,77745000,1,211,0.05,"list","ok","ak/grid-free-assignment/355@7849fa2-dirty","1.2.1.9000","2.2.2.9000","Darwin","arm64","4.5.2"
"ak/grid-free-assignment/355","G3","acefa","check_tbl_values",65000,77745000,1,11178,76.19,"check_success","ok","ak/grid-free-assignment/355@7849fa2-dirty","1.2.1.9000","2.2.2.9000","Darwin","arm64","4.5.2"
"ak/grid-free-assignment/355","G3","acefa","check_tbl_values_required",65000,77745000,1,13570,3383.83,"check_success","ok","ak/grid-free-assignment/355@7849fa2-dirty","1.2.1.9000","2.2.2.9000","Darwin","arm64","4.5.2"
"ak/grid-free-assignment/355","G3","acefa","check_tbl_value_col",65000,77745000,1,237,0.13,"check_success","ok","ak/grid-free-assignment/355@7849fa2-dirty","1.2.1.9000","2.2.2.9000","Darwin","arm64","4.5.2"
"ak/grid-free-assignment/355","G3","acefa","check_tbl_value_col_ascending",65000,77745000,1,200,0.03,"check_info","ok","ak/grid-free-assignment/355@7849fa2-dirty","1.2.1.9000","2.2.2.9000","Darwin","arm64","4.5.2"
"ak/grid-free-assignment/355","G3","acefa","check_tbl_rows_unique",65000,77745000,1,282,0.18,"check_success","ok","ak/grid-free-assignment/355@7849fa2-dirty","1.2.1.9000","2.2.2.9000","Darwin","arm64","4.5.2"
"ak/grid-free-assignment/355","G3","acefa","check_tbl_spl_mt_unique",65000,77745000,1,12913,28.82,"check_success","ok","ak/grid-free-assignment/355@7849fa2-dirty","1.2.1.9000","2.2.2.9000","Darwin","arm64","4.5.2"
"ak/grid-free-assignment/355","G3","acefa","check_tbl_spl_compound_taskid_set",65000,77745000,1,13330,57.23,"check_success","ok","ak/grid-free-assignment/355@7849fa2-dirty","1.2.1.9000","2.2.2.9000","Darwin","arm64","4.5.2"
"ak/grid-free-assignment/355","G3","acefa","check_tbl_spl_compound_tid",65000,77745000,1,13773,78.19,"check_success","ok","ak/grid-free-assignment/355@7849fa2-dirty","1.2.1.9000","2.2.2.9000","Darwin","arm64","4.5.2"
"ak/grid-free-assignment/355","G3","acefa","check_tbl_spl_non_compound_tid",65000,77745000,1,13374,77.19,"check_success","ok","ak/grid-free-assignment/355@7849fa2-dirty","1.2.1.9000","2.2.2.9000","Darwin","arm64","4.5.2"
"ak/grid-free-assignment/355","G3","acefa","check_tbl_spl_n",65000,77745000,1,13542,77.1,"check_success","ok","ak/grid-free-assignment/355@7849fa2-dirty","1.2.1.9000","2.2.2.9000","Darwin","arm64","4.5.2"
"ak/grid-free-assignment/355","M","acefa","baseline_load_only_chr",460000,237510,1,272,0,"none","ok","ak/grid-free-assignment/355@7849fa2-dirty","1.2.1.9000","2.2.2.9000","Darwin","arm64","4.5.2"
"ak/grid-free-assignment/355","M","acefa","baseline_load_only_typed",460000,237510,1,248,0,"none","ok","ak/grid-free-assignment/355@7849fa2-dirty","1.2.1.9000","2.2.2.9000","Darwin","arm64","4.5.2"
"ak/grid-free-assignment/355","M","acefa","prepare_compound_taskid_set",460000,237510,1,578,0.78,"list","ok","ak/grid-free-assignment/355@7849fa2-dirty","1.2.1.9000","2.2.2.9000","Darwin","arm64","4.5.2"
"ak/grid-free-assignment/355","M","acefa","match_tbl_to_model_task",460000,237510,1,368,0.33,"list","ok","ak/grid-free-assignment/355@7849fa2-dirty","1.2.1.9000","2.2.2.9000","Darwin","arm64","4.5.2"
"ak/grid-free-assignment/355","M","acefa","check_tbl_values",460000,237510,1,482,0.83,"check_success","ok","ak/grid-free-assignment/355@7849fa2-dirty","1.2.1.9000","2.2.2.9000","Darwin","arm64","4.5.2"
"ak/grid-free-assignment/355","M","acefa","check_tbl_values_required",460000,237510,1,1001,16.22,"check_success","ok","ak/grid-free-assignment/355@7849fa2-dirty","1.2.1.9000","2.2.2.9000","Darwin","arm64","4.5.2"
"ak/grid-free-assignment/355","M","acefa","check_tbl_value_col",460000,237510,1,439,0.84,"check_success","ok","ak/grid-free-assignment/355@7849fa2-dirty","1.2.1.9000","2.2.2.9000","Darwin","arm64","4.5.2"
"ak/grid-free-assignment/355","M","acefa","check_tbl_value_col_ascending",460000,237510,1,275,0.11,"check_info","ok","ak/grid-free-assignment/355@7849fa2-dirty","1.2.1.9000","2.2.2.9000","Darwin","arm64","4.5.2"
"ak/grid-free-assignment/355","M","acefa","check_tbl_rows_unique",460000,237510,1,769,1.47,"check_success","ok","ak/grid-free-assignment/355@7849fa2-dirty","1.2.1.9000","2.2.2.9000","Darwin","arm64","4.5.2"
"ak/grid-free-assignment/355","M","acefa","check_tbl_spl_mt_unique",460000,237510,1,344,0.28,"check_success","ok","ak/grid-free-assignment/355@7849fa2-dirty","1.2.1.9000","2.2.2.9000","Darwin","arm64","4.5.2"
"ak/grid-free-assignment/355","M","acefa","check_tbl_spl_compound_taskid_set",460000,237510,1,528,0.78,"check_success","ok","ak/grid-free-assignment/355@7849fa2-dirty","1.2.1.9000","2.2.2.9000","Darwin","arm64","4.5.2"
"ak/grid-free-assignment/355","M","acefa","check_tbl_spl_compound_tid",460000,237510,1,629,2,"check_success","ok","ak/grid-free-assignment/355@7849fa2-dirty","1.2.1.9000","2.2.2.9000","Darwin","arm64","4.5.2"
"ak/grid-free-assignment/355","M","acefa","check_tbl_spl_non_compound_tid",460000,237510,1,606,2.04,"check_success","ok","ak/grid-free-assignment/355@7849fa2-dirty","1.2.1.9000","2.2.2.9000","Darwin","arm64","4.5.2"
"ak/grid-free-assignment/355","M","acefa","check_tbl_spl_n",460000,237510,1,588,2.03,"check_success","ok","ak/grid-free-assignment/355@7849fa2-dirty","1.2.1.9000","2.2.2.9000","Darwin","arm64","4.5.2"
"ak/grid-free-assignment/355","M","mt3","baseline_load_only_chr",460000,237510,3,262,0,"none","ok","ak/grid-free-assignment/355@7849fa2-dirty","1.2.1.9000","2.2.2.9000","Darwin","arm64","4.5.2"
"ak/grid-free-assignment/355","M","mt3","baseline_load_only_typed",460000,237510,3,246,0,"none","ok","ak/grid-free-assignment/355@7849fa2-dirty","1.2.1.9000","2.2.2.9000","Darwin","arm64","4.5.2"
"ak/grid-free-assignment/355","M","mt3","prepare_compound_taskid_set",460000,237510,3,569,1.22,"list","ok","ak/grid-free-assignment/355@7849fa2-dirty","1.2.1.9000","2.2.2.9000","Darwin","arm64","4.5.2"
"ak/grid-free-assignment/355","M","mt3","match_tbl_to_model_task",460000,237510,3,421,0.51,"list","ok","ak/grid-free-assignment/355@7849fa2-dirty","1.2.1.9000","2.2.2.9000","Darwin","arm64","4.5.2"
"ak/grid-free-assignment/355","M","mt3","check_tbl_values",460000,237510,3,494,0.9,"check_success","ok","ak/grid-free-assignment/355@7849fa2-dirty","1.2.1.9000","2.2.2.9000","Darwin","arm64","4.5.2"
"ak/grid-free-assignment/355","M","mt3","check_tbl_values_required",460000,237510,3,761,7.55,"check_success","ok","ak/grid-free-assignment/355@7849fa2-dirty","1.2.1.9000","2.2.2.9000","Darwin","arm64","4.5.2"
"ak/grid-free-assignment/355","M","mt3","check_tbl_value_col",460000,237510,3,505,1.81,"check_success","ok","ak/grid-free-assignment/355@7849fa2-dirty","1.2.1.9000","2.2.2.9000","Darwin","arm64","4.5.2"
"ak/grid-free-assignment/355","M","mt3","check_tbl_value_col_ascending",460000,237510,3,275,0.09,"check_info","ok","ak/grid-free-assignment/355@7849fa2-dirty","1.2.1.9000","2.2.2.9000","Darwin","arm64","4.5.2"
"ak/grid-free-assignment/355","M","mt3","check_tbl_rows_unique",460000,237510,3,759,1.55,"check_success","ok","ak/grid-free-assignment/355@7849fa2-dirty","1.2.1.9000","2.2.2.9000","Darwin","arm64","4.5.2"
"ak/grid-free-assignment/355","M","mt3","check_tbl_spl_mt_unique",460000,237510,3,475,0.72,"check_success","ok","ak/grid-free-assignment/355@7849fa2-dirty","1.2.1.9000","2.2.2.9000","Darwin","arm64","4.5.2"
"ak/grid-free-assignment/355","M","mt3","check_tbl_spl_compound_taskid_set",460000,237510,3,577,1.22,"check_success","ok","ak/grid-free-assignment/355@7849fa2-dirty","1.2.1.9000","2.2.2.9000","Darwin","arm64","4.5.2"
"ak/grid-free-assignment/355","M","mt3","check_tbl_spl_compound_tid",460000,237510,3,637,4.28,"check_success","ok","ak/grid-free-assignment/355@7849fa2-dirty","1.2.1.9000","2.2.2.9000","Darwin","arm64","4.5.2"
"ak/grid-free-assignment/355","M","mt3","check_tbl_spl_non_compound_tid",460000,237510,3,650,4.26,"check_success","ok","ak/grid-free-assignment/355@7849fa2-dirty","1.2.1.9000","2.2.2.9000","Darwin","arm64","4.5.2"
"ak/grid-free-assignment/355","M","mt3","check_tbl_spl_n",460000,237510,3,616,4.25,"check_success","ok","ak/grid-free-assignment/355@7849fa2-dirty","1.2.1.9000","2.2.2.9000","Darwin","arm64","4.5.2"
"ak/grid-free-assignment/355","M","mt7","baseline_load_only_chr",460000,237510,7,260,0,"none","ok","ak/grid-free-assignment/355@7849fa2-dirty","1.2.1.9000","2.2.2.9000","Darwin","arm64","4.5.2"
"ak/grid-free-assignment/355","M","mt7","baseline_load_only_typed",460000,237510,7,251,0,"none","ok","ak/grid-free-assignment/355@7849fa2-dirty","1.2.1.9000","2.2.2.9000","Darwin","arm64","4.5.2"
"ak/grid-free-assignment/355","M","mt7","prepare_compound_taskid_set",460000,237510,7,659,1.68,"list","ok","ak/grid-free-assignment/355@7849fa2-dirty","1.2.1.9000","2.2.2.9000","Darwin","arm64","4.5.2"
"ak/grid-free-assignment/355","M","mt7","match_tbl_to_model_task",460000,237510,7,466,0.71,"list","ok","ak/grid-free-assignment/355@7849fa2-dirty","1.2.1.9000","2.2.2.9000","Darwin","arm64","4.5.2"
"ak/grid-free-assignment/355","M","mt7","check_tbl_values",460000,237510,7,502,0.88,"check_success","ok","ak/grid-free-assignment/355@7849fa2-dirty","1.2.1.9000","2.2.2.9000","Darwin","arm64","4.5.2"
"ak/grid-free-assignment/355","M","mt7","check_tbl_values_required",460000,237510,7,741,5.99,"check_success","ok","ak/grid-free-assignment/355@7849fa2-dirty","1.2.1.9000","2.2.2.9000","Darwin","arm64","4.5.2"
"ak/grid-free-assignment/355","M","mt7","check_tbl_value_col",460000,237510,7,676,3.77,"check_success","ok","ak/grid-free-assignment/355@7849fa2-dirty","1.2.1.9000","2.2.2.9000","Darwin","arm64","4.5.2"
"ak/grid-free-assignment/355","M","mt7","check_tbl_value_col_ascending",460000,237510,7,279,0.09,"check_info","ok","ak/grid-free-assignment/355@7849fa2-dirty","1.2.1.9000","2.2.2.9000","Darwin","arm64","4.5.2"
"ak/grid-free-assignment/355","M","mt7","check_tbl_rows_unique",460000,237510,7,754,1.48,"check_success","ok","ak/grid-free-assignment/355@7849fa2-dirty","1.2.1.9000","2.2.2.9000","Darwin","arm64","4.5.2"
"ak/grid-free-assignment/355","M","mt7","check_tbl_spl_mt_unique",460000,237510,7,527,1,"check_success","ok","ak/grid-free-assignment/355@7849fa2-dirty","1.2.1.9000","2.2.2.9000","Darwin","arm64","4.5.2"
"ak/grid-free-assignment/355","M","mt7","check_tbl_spl_compound_taskid_set",460000,237510,7,702,1.74,"check_success","ok","ak/grid-free-assignment/355@7849fa2-dirty","1.2.1.9000","2.2.2.9000","Darwin","arm64","4.5.2"
"ak/grid-free-assignment/355","M","mt7","check_tbl_spl_compound_tid",460000,237510,7,655,6.75,"check_success","ok","ak/grid-free-assignment/355@7849fa2-dirty","1.2.1.9000","2.2.2.9000","Darwin","arm64","4.5.2"
"ak/grid-free-assignment/355","M","mt7","check_tbl_spl_non_compound_tid",460000,237510,7,627,6.77,"check_success","ok","ak/grid-free-assignment/355@7849fa2-dirty","1.2.1.9000","2.2.2.9000","Darwin","arm64","4.5.2"
"ak/grid-free-assignment/355","M","mt7","check_tbl_spl_n",460000,237510,7,687,6.82,"check_success","ok","ak/grid-free-assignment/355@7849fa2-dirty","1.2.1.9000","2.2.2.9000","Darwin","arm64","4.5.2"
"ak/grid-free-assignment/355","G1","acefa","baseline_load_only_chr",65000,11661750,1,196,0,"none","ok","ak/grid-free-assignment/355@7849fa2-dirty","1.2.1.9000","2.2.2.9000","Darwin","arm64","4.5.2"
"ak/grid-free-assignment/355","G1","acefa","check_tbl_value_col",65000,11661750,1,228,0.08,"check_success","ok","ak/grid-free-assignment/355@7849fa2-dirty","1.2.1.9000","2.2.2.9000","Darwin","arm64","4.5.2"
"ak/grid-free-assignment/355","G2","acefa","baseline_load_only_chr",65000,38872500,1,196,0,"none","ok","ak/grid-free-assignment/355@7849fa2-dirty","1.2.1.9000","2.2.2.9000","Darwin","arm64","4.5.2"
"ak/grid-free-assignment/355","G2","acefa","check_tbl_value_col",65000,38872500,1,229,0.08,"check_success","ok","ak/grid-free-assignment/355@7849fa2-dirty","1.2.1.9000","2.2.2.9000","Darwin","arm64","4.5.2"
"ak/grid-free-assignment/355","G3","acefa","baseline_load_only_chr",65000,77745000,1,195,0,"none","ok","ak/grid-free-assignment/355@7849fa2-dirty","1.2.1.9000","2.2.2.9000","Darwin","arm64","4.5.2"
"ak/grid-free-assignment/355","G3","acefa","check_tbl_value_col",65000,77745000,1,222,0.08,"check_success","ok","ak/grid-free-assignment/355@7849fa2-dirty","1.2.1.9000","2.2.2.9000","Darwin","arm64","4.5.2"
"ak/grid-free-assignment/355","M","acefa","baseline_load_only_chr",460000,237510,1,267,0,"none","ok","ak/grid-free-assignment/355@7849fa2-dirty","1.2.1.9000","2.2.2.9000","Darwin","arm64","4.5.2"
"ak/grid-free-assignment/355","M","acefa","check_tbl_value_col",460000,237510,1,379,0.48,"check_success","ok","ak/grid-free-assignment/355@7849fa2-dirty","1.2.1.9000","2.2.2.9000","Darwin","arm64","4.5.2"
"ak/grid-free-assignment/355","G1","mt3","baseline_load_only_chr",65000,11661750,3,186,0,"none","ok","ak/grid-free-assignment/355@7849fa2-dirty","1.2.1.9000","2.2.2.9000","Darwin","arm64","4.5.2"
"ak/grid-free-assignment/355","G1","mt3","check_tbl_value_col",65000,11661750,3,255,0.11,"check_success","ok","ak/grid-free-assignment/355@7849fa2-dirty","1.2.1.9000","2.2.2.9000","Darwin","arm64","4.5.2"
"ak/grid-free-assignment/355","G2","mt3","baseline_load_only_chr",65000,38872500,3,192,0,"none","ok","ak/grid-free-assignment/355@7849fa2-dirty","1.2.1.9000","2.2.2.9000","Darwin","arm64","4.5.2"
"ak/grid-free-assignment/355","G2","mt3","check_tbl_value_col",65000,38872500,3,247,0.12,"check_success","ok","ak/grid-free-assignment/355@7849fa2-dirty","1.2.1.9000","2.2.2.9000","Darwin","arm64","4.5.2"
"ak/grid-free-assignment/355","G3","mt3","baseline_load_only_chr",65000,77745000,3,192,0,"none","ok","ak/grid-free-assignment/355@7849fa2-dirty","1.2.1.9000","2.2.2.9000","Darwin","arm64","4.5.2"
"ak/grid-free-assignment/355","G3","mt3","check_tbl_value_col",65000,77745000,3,252,0.11,"check_success","ok","ak/grid-free-assignment/355@7849fa2-dirty","1.2.1.9000","2.2.2.9000","Darwin","arm64","4.5.2"
"ak/grid-free-assignment/355","M","mt3","baseline_load_only_chr",460000,237510,3,269,0,"none","ok","ak/grid-free-assignment/355@7849fa2-dirty","1.2.1.9000","2.2.2.9000","Darwin","arm64","4.5.2"
"ak/grid-free-assignment/355","M","mt3","check_tbl_value_col",460000,237510,3,424,0.62,"check_success","ok","ak/grid-free-assignment/355@7849fa2-dirty","1.2.1.9000","2.2.2.9000","Darwin","arm64","4.5.2"
"ak/grid-free-assignment/355","G1","mt7","baseline_load_only_chr",65000,11661750,7,189,0,"none","ok","ak/grid-free-assignment/355@7849fa2-dirty","1.2.1.9000","2.2.2.9000","Darwin","arm64","4.5.2"
"ak/grid-free-assignment/355","G1","mt7","check_tbl_value_col",65000,11661750,7,263,0.14,"check_success","ok","ak/grid-free-assignment/355@7849fa2-dirty","1.2.1.9000","2.2.2.9000","Darwin","arm64","4.5.2"
"ak/grid-free-assignment/355","G2","mt7","baseline_load_only_chr",65000,38872500,7,194,0,"none","ok","ak/grid-free-assignment/355@7849fa2-dirty","1.2.1.9000","2.2.2.9000","Darwin","arm64","4.5.2"
"ak/grid-free-assignment/355","G2","mt7","check_tbl_value_col",65000,38872500,7,273,0.13,"check_success","ok","ak/grid-free-assignment/355@7849fa2-dirty","1.2.1.9000","2.2.2.9000","Darwin","arm64","4.5.2"
"ak/grid-free-assignment/355","G3","mt7","baseline_load_only_chr",65000,77745000,7,193,0,"none","ok","ak/grid-free-assignment/355@7849fa2-dirty","1.2.1.9000","2.2.2.9000","Darwin","arm64","4.5.2"
"ak/grid-free-assignment/355","G3","mt7","check_tbl_value_col",65000,77745000,7,284,0.14,"check_success","ok","ak/grid-free-assignment/355@7849fa2-dirty","1.2.1.9000","2.2.2.9000","Darwin","arm64","4.5.2"
"ak/grid-free-assignment/355","M","mt7","baseline_load_only_chr",460000,237510,7,277,0,"none","ok","ak/grid-free-assignment/355@7849fa2-dirty","1.2.1.9000","2.2.2.9000","Darwin","arm64","4.5.2"
"ak/grid-free-assignment/355","M","mt7","check_tbl_value_col",460000,237510,7,462,0.8,"check_success","ok","ak/grid-free-assignment/355@7849fa2-dirty","1.2.1.9000","2.2.2.9000","Darwin","arm64","4.5.2"
"grid-free-samples-368","M","acefa","baseline_load_only_chr",460000,237510,1,270,0,"none","ok","ak/grid-free-samples/368@345babb-dirty","1.2.1.9000","2.2.2.9000","Darwin","arm64","4.5.2"
"grid-free-samples-368","M","acefa","prepare_compound_taskid_set",460000,237510,1,485,0.6,"list","ok","ak/grid-free-samples/368@345babb-dirty","1.2.1.9000","2.2.2.9000","Darwin","arm64","4.5.2"
"grid-free-samples-368","M","acefa","check_tbl_spl_mt_unique",460000,237510,1,357,0.25,"check_success","ok","ak/grid-free-samples/368@345babb-dirty","1.2.1.9000","2.2.2.9000","Darwin","arm64","4.5.2"
"grid-free-samples-368","M","acefa","check_tbl_spl_compound_taskid_set",460000,237510,1,518,0.58,"check_success","ok","ak/grid-free-samples/368@345babb-dirty","1.2.1.9000","2.2.2.9000","Darwin","arm64","4.5.2"
"grid-free-samples-368","M","acefa","check_tbl_spl_compound_tid",460000,237510,1,547,1.81,"check_success","ok","ak/grid-free-samples/368@345babb-dirty","1.2.1.9000","2.2.2.9000","Darwin","arm64","4.5.2"
"grid-free-samples-368","M","acefa","check_tbl_spl_non_compound_tid",460000,237510,1,555,1.82,"check_success","ok","ak/grid-free-samples/368@345babb-dirty","1.2.1.9000","2.2.2.9000","Darwin","arm64","4.5.2"
"grid-free-samples-368","M","acefa","check_tbl_spl_n",460000,237510,1,564,1.82,"check_success","ok","ak/grid-free-samples/368@345babb-dirty","1.2.1.9000","2.2.2.9000","Darwin","arm64","4.5.2"
"grid-free-samples-368","G1","acefa","baseline_load_only_chr",65000,11661750,1,187,0,"none","ok","ak/grid-free-samples/368@345babb-dirty","1.2.1.9000","2.2.2.9000","Darwin","arm64","4.5.2"
"grid-free-samples-368","G1","acefa","prepare_compound_taskid_set",65000,11661750,1,274,0.13,"list","ok","ak/grid-free-samples/368@345babb-dirty","1.2.1.9000","2.2.2.9000","Darwin","arm64","4.5.2"
"grid-free-samples-368","G1","acefa","check_tbl_spl_mt_unique",65000,11661750,1,222,0.06,"check_success","ok","ak/grid-free-samples/368@345babb-dirty","1.2.1.9000","2.2.2.9000","Darwin","arm64","4.5.2"
"grid-free-samples-368","G1","acefa","check_tbl_spl_compound_taskid_set",65000,11661750,1,283,0.14,"check_success","ok","ak/grid-free-samples/368@345babb-dirty","1.2.1.9000","2.2.2.9000","Darwin","arm64","4.5.2"
"grid-free-samples-368","G1","acefa","check_tbl_spl_compound_tid",65000,11661750,1,306,0.37,"check_success","ok","ak/grid-free-samples/368@345babb-dirty","1.2.1.9000","2.2.2.9000","Darwin","arm64","4.5.2"
"grid-free-samples-368","G1","acefa","check_tbl_spl_non_compound_tid",65000,11661750,1,297,0.39,"check_success","ok","ak/grid-free-samples/368@345babb-dirty","1.2.1.9000","2.2.2.9000","Darwin","arm64","4.5.2"
"grid-free-samples-368","G1","acefa","check_tbl_spl_n",65000,11661750,1,298,0.39,"check_success","ok","ak/grid-free-samples/368@345babb-dirty","1.2.1.9000","2.2.2.9000","Darwin","arm64","4.5.2"
"grid-free-samples-368","G2","acefa","baseline_load_only_chr",65000,38872500,1,196,0,"none","ok","ak/grid-free-samples/368@345babb-dirty","1.2.1.9000","2.2.2.9000","Darwin","arm64","4.5.2"
"grid-free-samples-368","G2","acefa","prepare_compound_taskid_set",65000,38872500,1,268,0.12,"list","ok","ak/grid-free-samples/368@345babb-dirty","1.2.1.9000","2.2.2.9000","Darwin","arm64","4.5.2"
"grid-free-samples-368","G2","acefa","check_tbl_spl_mt_unique",65000,38872500,1,225,0.06,"check_success","ok","ak/grid-free-samples/368@345babb-dirty","1.2.1.9000","2.2.2.9000","Darwin","arm64","4.5.2"
"grid-free-samples-368","G2","acefa","check_tbl_spl_compound_taskid_set",65000,38872500,1,279,0.15,"check_success","ok","ak/grid-free-samples/368@345babb-dirty","1.2.1.9000","2.2.2.9000","Darwin","arm64","4.5.2"
"grid-free-samples-368","G2","acefa","check_tbl_spl_compound_tid",65000,38872500,1,289,0.41,"check_success","ok","ak/grid-free-samples/368@345babb-dirty","1.2.1.9000","2.2.2.9000","Darwin","arm64","4.5.2"
"grid-free-samples-368","G2","acefa","check_tbl_spl_non_compound_tid",65000,38872500,1,294,0.38,"check_success","ok","ak/grid-free-samples/368@345babb-dirty","1.2.1.9000","2.2.2.9000","Darwin","arm64","4.5.2"
"grid-free-samples-368","G2","acefa","check_tbl_spl_n",65000,38872500,1,291,0.38,"check_success","ok","ak/grid-free-samples/368@345babb-dirty","1.2.1.9000","2.2.2.9000","Darwin","arm64","4.5.2"
"grid-free-samples-368","G3","acefa","baseline_load_only_chr",65000,77745000,1,193,0,"none","ok","ak/grid-free-samples/368@345babb-dirty","1.2.1.9000","2.2.2.9000","Darwin","arm64","4.5.2"
"grid-free-samples-368","G3","acefa","prepare_compound_taskid_set",65000,77745000,1,274,0.12,"list","ok","ak/grid-free-samples/368@345babb-dirty","1.2.1.9000","2.2.2.9000","Darwin","arm64","4.5.2"
"grid-free-samples-368","G3","acefa","check_tbl_spl_mt_unique",65000,77745000,1,223,0.06,"check_success","ok","ak/grid-free-samples/368@345babb-dirty","1.2.1.9000","2.2.2.9000","Darwin","arm64","4.5.2"
"grid-free-samples-368","G3","acefa","check_tbl_spl_compound_taskid_set",65000,77745000,1,276,0.14,"check_success","ok","ak/grid-free-samples/368@345babb-dirty","1.2.1.9000","2.2.2.9000","Darwin","arm64","4.5.2"
"grid-free-samples-368","G3","acefa","check_tbl_spl_compound_tid",65000,77745000,1,294,0.39,"check_success","ok","ak/grid-free-samples/368@345babb-dirty","1.2.1.9000","2.2.2.9000","Darwin","arm64","4.5.2"
"grid-free-samples-368","G3","acefa","check_tbl_spl_non_compound_tid",65000,77745000,1,294,0.38,"check_success","ok","ak/grid-free-samples/368@345babb-dirty","1.2.1.9000","2.2.2.9000","Darwin","arm64","4.5.2"
"grid-free-samples-368","G3","acefa","check_tbl_spl_n",65000,77745000,1,295,0.39,"check_success","ok","ak/grid-free-samples/368@345babb-dirty","1.2.1.9000","2.2.2.9000","Darwin","arm64","4.5.2"
"grid-free-samples-368","M","mt3","baseline_load_only_chr",460000,237510,3,270,0,"none","ok","ak/grid-free-samples/368@345babb-dirty","1.2.1.9000","2.2.2.9000","Darwin","arm64","4.5.2"
"grid-free-samples-368","M","mt3","prepare_compound_taskid_set",460000,237510,3,512,0.85,"list","ok","ak/grid-free-samples/368@345babb-dirty","1.2.1.9000","2.2.2.9000","Darwin","arm64","4.5.2"
"grid-free-samples-368","M","mt3","check_tbl_spl_mt_unique",460000,237510,3,424,0.38,"check_success","ok","ak/grid-free-samples/368@345babb-dirty","1.2.1.9000","2.2.2.9000","Darwin","arm64","4.5.2"
"grid-free-samples-368","M","mt3","check_tbl_spl_compound_taskid_set",460000,237510,3,537,0.95,"check_success","ok","ak/grid-free-samples/368@345babb-dirty","1.2.1.9000","2.2.2.9000","Darwin","arm64","4.5.2"
"grid-free-samples-368","M","mt3","check_tbl_spl_compound_tid",460000,237510,3,533,3.91,"check_success","ok","ak/grid-free-samples/368@345babb-dirty","1.2.1.9000","2.2.2.9000","Darwin","arm64","4.5.2"
"grid-free-samples-368","M","mt3","check_tbl_spl_non_compound_tid",460000,237510,3,542,3.87,"check_success","ok","ak/grid-free-samples/368@345babb-dirty","1.2.1.9000","2.2.2.9000","Darwin","arm64","4.5.2"
"grid-free-samples-368","M","mt3","check_tbl_spl_n",460000,237510,3,519,3.93,"check_success","ok","ak/grid-free-samples/368@345babb-dirty","1.2.1.9000","2.2.2.9000","Darwin","arm64","4.5.2"
"grid-free-samples-368","M","mt7","baseline_load_only_chr",460000,237510,7,279,0,"none","ok","ak/grid-free-samples/368@345babb-dirty","1.2.1.9000","2.2.2.9000","Darwin","arm64","4.5.2"
"grid-free-samples-368","M","mt7","prepare_compound_taskid_set",460000,237510,7,569,1.22,"list","ok","ak/grid-free-samples/368@345babb-dirty","1.2.1.9000","2.2.2.9000","Darwin","arm64","4.5.2"
"grid-free-samples-368","M","mt7","check_tbl_spl_mt_unique",460000,237510,7,494,0.52,"check_success","ok","ak/grid-free-samples/368@345babb-dirty","1.2.1.9000","2.2.2.9000","Darwin","arm64","4.5.2"
"grid-free-samples-368","M","mt7","check_tbl_spl_compound_taskid_set",460000,237510,7,579,1.23,"check_success","ok","ak/grid-free-samples/368@345babb-dirty","1.2.1.9000","2.2.2.9000","Darwin","arm64","4.5.2"
"grid-free-samples-368","M","mt7","check_tbl_spl_compound_tid",460000,237510,7,575,6.12,"check_success","ok","ak/grid-free-samples/368@345babb-dirty","1.2.1.9000","2.2.2.9000","Darwin","arm64","4.5.2"
"grid-free-samples-368","M","mt7","check_tbl_spl_non_compound_tid",460000,237510,7,536,6.11,"check_success","ok","ak/grid-free-samples/368@345babb-dirty","1.2.1.9000","2.2.2.9000","Darwin","arm64","4.5.2"
"grid-free-samples-368","M","mt7","check_tbl_spl_n",460000,237510,7,604,6.23,"check_success","ok","ak/grid-free-samples/368@345babb-dirty","1.2.1.9000","2.2.2.9000","Darwin","arm64","4.5.2"
"356-grid-free-values","G1","acefa","baseline_load_only_chr",65000,11661750,1,197,0,"none","ok","ak/grid-free-values/356@20c5290-dirty","1.2.1.9000","2.2.2.9000","Darwin","arm64","4.5.2"
"356-grid-free-values","G1","acefa","check_tbl_values",65000,11661750,1,222,0.05,"check_success","ok","ak/grid-free-values/356@20c5290-dirty","1.2.1.9000","2.2.2.9000","Darwin","arm64","4.5.2"
"356-grid-free-values","G2","acefa","baseline_load_only_chr",65000,38872500,1,196,0,"none","ok","ak/grid-free-values/356@20c5290-dirty","1.2.1.9000","2.2.2.9000","Darwin","arm64","4.5.2"
"356-grid-free-values","G2","acefa","check_tbl_values",65000,38872500,1,226,0.05,"check_success","ok","ak/grid-free-values/356@20c5290-dirty","1.2.1.9000","2.2.2.9000","Darwin","arm64","4.5.2"
"356-grid-free-values","G3","acefa","baseline_load_only_chr",65000,77745000,1,193,0,"none","ok","ak/grid-free-values/356@20c5290-dirty","1.2.1.9000","2.2.2.9000","Darwin","arm64","4.5.2"
"356-grid-free-values","G3","acefa","check_tbl_values",65000,77745000,1,222,0.05,"check_success","ok","ak/grid-free-values/356@20c5290-dirty","1.2.1.9000","2.2.2.9000","Darwin","arm64","4.5.2"
"356-grid-free-values","M","acefa","baseline_load_only_chr",460000,237510,1,275,0,"none","ok","ak/grid-free-values/356@20c5290-dirty","1.2.1.9000","2.2.2.9000","Darwin","arm64","4.5.2"
"356-grid-free-values","M","acefa","check_tbl_values",460000,237510,1,356,0.16,"check_success","ok","ak/grid-free-values/356@20c5290-dirty","1.2.1.9000","2.2.2.9000","Darwin","arm64","4.5.2"
"356-grid-free-values","M","mt3","baseline_load_only_chr",460000,237510,3,285,0,"none","ok","ak/grid-free-values/356@20c5290-dirty","1.2.1.9000","2.2.2.9000","Darwin","arm64","4.5.2"
"356-grid-free-values","M","mt3","check_tbl_values",460000,237510,3,389,0.38,"check_success","ok","ak/grid-free-values/356@20c5290-dirty","1.2.1.9000","2.2.2.9000","Darwin","arm64","4.5.2"
"356-grid-free-values","M","mt7","baseline_load_only_chr",460000,237510,7,269,0,"none","ok","ak/grid-free-values/356@20c5290-dirty","1.2.1.9000","2.2.2.9000","Darwin","arm64","4.5.2"
"356-grid-free-values","M","mt7","check_tbl_values",460000,237510,7,447,0.56,"check_success","ok","ak/grid-free-values/356@20c5290-dirty","1.2.1.9000","2.2.2.9000","Darwin","arm64","4.5.2"
"356-early-exit","M","acefa","baseline_load_only_chr",460000,237510,1,267,0,"none","ok","ak/grid-free-values/356@20c5290-dirty","1.2.1.9000","2.2.2.9000","Darwin","arm64","4.5.2"
"356-early-exit","M","acefa","check_tbl_values",460000,237510,1,329,0.16,"check_success","ok","ak/grid-free-values/356@20c5290-dirty","1.2.1.9000","2.2.2.9000","Darwin","arm64","4.5.2"
"356-early-exit","M","mt3","baseline_load_only_chr",460000,237510,3,271,0,"none","ok","ak/grid-free-values/356@20c5290-dirty","1.2.1.9000","2.2.2.9000","Darwin","arm64","4.5.2"
"356-early-exit","M","mt3","check_tbl_values",460000,237510,3,397,0.37,"check_success","ok","ak/grid-free-values/356@20c5290-dirty","1.2.1.9000","2.2.2.9000","Darwin","arm64","4.5.2"
"356-early-exit","M","mt7","baseline_load_only_chr",460000,237510,7,267,0,"none","ok","ak/grid-free-values/356@20c5290-dirty","1.2.1.9000","2.2.2.9000","Darwin","arm64","4.5.2"
"356-early-exit","M","mt7","check_tbl_values",460000,237510,7,471,0.58,"check_success","ok","ak/grid-free-values/356@20c5290-dirty","1.2.1.9000","2.2.2.9000","Darwin","arm64","4.5.2"
